Keyword,Avg. monthly searches
купить ключи игры,590
купить ключи стим,9900
купить гта 5 на пк,2400
hogwarts legacy купить ключ,320
купить игры стим,8100
squad купить ключ,590
7 days to die ключ стим,50
7 days to die ключ стим купить,10
7 days to die купить ключ steam,20
7 days to die купить ключ стим,50
a plague tale innocence купить ключ,20
a plague tale requiem купить ключ,40
a way out купить ключ steam,20
a way out купить ключ стим,40
absolver купить ключ,10
age of empires 2 definitive edition купить ключ,40
age of empires 2 купить ключ,40
age of empires 4 купить ключ,110
age of empires ii definitive edition купить ключ,10
age of empires iv купить ключ,10
age of empires купить ключ,10
alan wake купить ключ,30
alice madness returns купить ключ,70
alice madness returns купить ключ steam,30
alien isolation ключ,20
alien isolation купить ключ,90
among us ключ стим,10
among us купить ключ steam,10
among us купить ключ стим,10
anno 1404 купить ключ,20
anno 1800 season pass 4 купить ключ,10
anno 1800 купить аккаунт,20
anno 1800 купить со скидкой,10
anno 2205 купить ключ,10
anno mutationem ключ,10
anno mutationem купить ключ,10
ark genesis season pass купить ключ,10
ark survival evolved ключ,20
armello купить ключ,10
assassin's creed 1 купить ключ,50
assassin's creed 1 купить ключ steam,50
assassin's creed 2 купить steam,10
assassin's creed 2 купить ключ steam,30
assassin's creed 3 купить ключ steam,40
assassin's creed 4 black flag купить ключ,30
assassin's creed 4 купить ключ,10
assassin's creed black flag купить ключ стим,50
assassin's creed odyssey купить ключ,70
assassin's creed odyssey купить ключ steam,30
assassin's creed syndicate ключ,10
assassin's creed syndicate купить ключ,30
assassin's creed syndicate купить ключ steam,20
assassin's creed unity ключ,30
assassin's creed unity купить ключ,70
assassin's creed unity купить ключ стим,40
assassin's creed valhalla dawn of ragnarok купить ключ,10
assassin's creed valhalla dawn of ragnarök купить ключ,10
assassin's creed valhalla ключ активации,10
assassin's creed valhalla ключ купить,10
assassin's creed valhalla купить ключ,110
assassin's creed valhalla купить ключ пк,10
assassin's creed valhalla купить ключ стим,40
assassin's creed купить ключ,70
assassins creed valhalla купить ключ,110
astroneer ключ,40
astroneer ключ купить,10
astroneer купить ключ,90
astroneer купить ключ steam,10
astroneer купить ключ стим,20
avorion купить ключ,10
back 4 blood ключ,20
back 4 blood ключ купить,10
back 4 blood купить ключ,110
back 4 blood купить ключ steam,10
back 4 blood купить ключ стим,10
back for blood купить ключ,10
bannerlord купить ключ,20
