"Keyword","Avg. monthly searches"
"back \w blood - 4","back 4 blood ключ"
"back \w blood - 4","back 4 blood ключ купить"
"back \w blood - 4","back 4 blood купить ключ"
"back \w blood - 4","back 4 blood купить ключ steam"
"back \w blood - 4","back 4 blood купить ключ стим"
"anno - 2","anno 1404 купить ключ"
"anno - 2","anno 1800 season pass 4 купить ключ"
"anno - 2","anno 1800 купить аккаунт"
"anno - 2","anno 1800 купить со скидкой"
"anno - 2","anno 2205 купить ключ"
"anno - 2","anno mutationem ключ"
"anno - 2","anno mutationem купить ключ"
"age of - 1","age of empires 2 definitive edition купить ключ"
"age of - 1","age of empires 2 купить ключ"
"age of - 1","age of empires 4 купить ключ"
"age of - 1","age of empires ii definitive edition купить ключ"
"age of - 1","age of empires iv купить ключ"
"age of - 1","age of empires купить ключ"
"ark - 5","ark survival evolved ключ"
"ass - 3","ark genesis season pass купить ключ"
"ass - 3","assassin's creed 1 купить ключ"
"ass - 3","assassin's creed 1 купить ключ steam"
"ass - 3","assassin's creed 2 купить steam"
"ass - 3","assassin's creed 2 купить ключ steam"
"ass - 3","assassin's creed 3 купить ключ steam"
"ass - 3","assassin's creed 4 black flag купить ключ"
"ass - 3","assassin's creed 4 купить ключ"
"ass - 3","assassin's creed black flag купить ключ стим"
"ass - 3","assassin's creed odyssey купить ключ"
"ass - 3","assassin's creed odyssey купить ключ steam"
"ass - 3","assassin's creed syndicate ключ"
"ass - 3","assassin's creed syndicate купить ключ"
"ass - 3","assassin's creed syndicate купить ключ steam"
"ass - 3","assassin's creed unity ключ"
"ass - 3","assassin's creed unity купить ключ"
"ass - 3","assassin's creed unity купить ключ стим"
"ass - 3","assassin's creed valhalla dawn of ragnarok купить ключ"
"ass - 3","assassin's creed valhalla dawn of ragnarök купить ключ"
"ass - 3","assassin's creed valhalla ключ активации"
"ass - 3","assassin's creed valhalla ключ купить"
"ass - 3","assassin's creed valhalla купить ключ"
"ass - 3","assassin's creed valhalla купить ключ пк"
"ass - 3","assassin's creed valhalla купить ключ стим"
"ass - 3","assassin's creed купить ключ"
"ass - 3","assassins creed valhalla купить ключ"
